4280629627814776,09-04,0,733,8463,1682,#香蜜沉沉烬如霜大结局# 旭凤@邓伦 与润玉@罗云熙Leo 人间对饮谈心，恍如隔世。“同去常不同归，她的归处在你，从始至终，她的心里只有你。而我，不过是个局外人。”“说这些有什么用呢？她已经不在了，再也回不来了。”锦觅@杨紫，你可知这里有个人在等你回来#电视剧香蜜沉沉烬如霜#  ...全文
4280622652468030,09-04,0,1610,15537,5230,#香蜜沉沉烬如霜大结局# 润玉@罗云熙Leo 修炼禁术，几乎走火入魔，旭凤@邓伦 返回天界，帮助润玉杀死体内穷奇，润玉告知旭凤当年修复陨丹之事。这场伤心事能否得到一个完满的结局呢？#电视剧香蜜沉沉烬如霜# #都来品香蜜# 电视剧香蜜沉沉烬如霜的秒拍视频 
4280550385140591,09-04,0,544,10631,2911,#电视剧香蜜沉沉烬如霜# 谦谦公子，温润如玉。@罗云熙Leo 离#香蜜沉沉烬如霜大结局#还有4个小时！ 
4280497536015496,09-04,0,1271,12748,2333,#电视剧香蜜沉沉烬如霜# #香香探蜜记# 润玉@罗云熙Leo 反串扑哧君@廖劲锋Daniel 的背后居然是.......?抛媚眼就算了，还对邝露@杜雨宸-Bella 发出灵魂拷问，你们还能再逗一点吗 电视剧香蜜沉沉烬如霜的秒拍视频 
4280467337487054,09-04,0,705,6332,1285,#电视剧香蜜沉沉烬如霜# #香蜜沉沉烬如霜大结局# 收官日小福利[给你小心心]手绘版壁纸图欢迎道友们随意食用@杨紫@邓伦@陈钰琪Yukee@罗云熙Leo@王一菲Faye@邹廷威 
4280466363655429,09-04,0,1747,8200,1522,#电视剧香蜜沉沉烬如霜# #香蜜沉沉烬如霜大结局# 香蜜视效特辑来袭！青山碧水、花海环绕、琼楼玉宇、鬼魅魔界.......快来重温我们美轮美奂的特效画面吧~@杨紫@邓伦@陈钰琪Yukee@罗云熙Leo@王一菲Faye@完美世界影视@完美世界@幸福蓝海官方微博@厦门时代众乐影视@鲲池影业@完美世界刘宁工作室?...全文
4280452242343889,09-04,0,887,8913,3073,#电视剧香蜜沉沉烬如霜# #香蜜沉沉烬如霜大结局#今生无悔今生错，来世有缘来世迁；得成比目何辞死，只羡鸳鸯不羡仙。今晚19:30@江苏卫视@江苏卫视幸福剧场 和你在凡间重逢，有情相守！@杨紫@邓伦@陈钰琪Yukee@罗云熙Leo@王一菲Faye@完美世界影视@完美世界@幸福蓝海官方微博@厦门时代众乐影视 ...全文
4280273061521507,09-03,0,861,6833,2595,#都来品香蜜# 旭凤@邓伦 、润玉@罗云熙Leo 决斗， 但旭凤寒气反噬的情况越发严重，两个人的战况已经进入白热化阶段！#电视剧香蜜沉沉烬如霜# #锦觅牺牲# 电视剧香蜜沉沉烬如霜的秒拍视频 
4280271803448246,09-03,0,1076,7457,2320,#都来品香蜜#  润玉@罗云熙Leo 借从魔界接回水神锦觅@杨紫 之由，向魔界开战，并宣布血洗花界，换锦觅重回天界，旭凤@邓伦 亦坦然应战，誓不放手。终究是一场无法避免的兵戎之争啊 #电视剧香蜜沉沉烬如霜# #锦觅牺牲# 电视剧香蜜沉沉烬如霜的秒拍视频 
4280120052862588,09-03,0,878,6721,1970,#电视剧香蜜沉沉烬如霜# 香蜜专属Q版海报来啦！各位道友可以愉快地用起来哟[给你小心心]香蜜游戏也将于未来上线，敬请期待@杨紫@邓伦@陈钰琪Yukee@罗云熙Leo@王一菲Faye@邹廷威 @完美世界影视@完美世界@幸福蓝海官方微博@厦门时代众乐影视@鲲池影业@完美世界刘宁工作室 
4279912720572405,09-02,0,285,5968,3890,#都来品香蜜#  这边厢，润玉@罗云熙Leo 为找锦觅@杨紫 ，与花界众人发生争执，甚至不惜与自己的叔父月下仙人@夏志远远 刀剑相向；另一方面，锦觅正在努力为旭凤@邓伦 施法种蓬羽，这形势真的看得人捏一把汗~#电视剧香蜜沉沉烬如霜# 电视剧香蜜沉沉烬如霜的秒拍视频 
4279907695867336,09-02,0,2131,13148,5493,#都来品香蜜# 润玉@罗云熙Leo 软禁锦觅@杨紫 ，及时雨扑哧君@廖劲锋Daniel 上线，假扮润玉带走锦觅，考验演技的时刻还真的到了哦#电视剧香蜜沉沉烬如霜# 电视剧香蜜沉沉烬如霜的秒拍视频 
4279899177466888,09-02,0,1257,9975,3309,#都来品香蜜#  锦觅@杨紫 与润玉@罗云熙Leo 对峙，得知过往一切皆是他的阴谋。 “是你，是你让我亲手杀了我最爱的人！是你让我杀了凤凰，是你让我杀了那个最爱我的人！”小锦觅已经接近崩溃#电视剧香蜜沉沉烬如霜# #杨紫 原音台词# 电视剧香蜜沉沉烬如霜的秒拍视频 
4279896845447942,09-02,0,142,3208,711,#都来品香蜜#  旭凤@邓伦 深受寒气反噬之苦，穗禾@王一菲Faye 心知此举定为润玉@罗云熙Leo 所为，上天界找润玉理论。二人道出当年杀害水神、风神与在九转金丹之中动手脚之真相，却不想锦觅@杨紫 已在门外偷听一切真相……#电视剧香蜜沉沉烬如霜# 电视剧香蜜沉沉烬如霜的秒拍视频 
4279891677671805,09-02,0,234,5265,1128,#都来品香蜜# 润玉@罗云熙Leo 让锦觅@杨紫 挑选自己喜欢的颜色制作请帖，双眼已经不辨色彩的锦觅只能靠瞎蒙。然鹅，她选了一张绿色的……#电视剧香蜜沉沉烬如霜# 电视剧香蜜沉沉烬如霜的秒拍视频 
4279727462611790,09-02,0,290,7162,1433,#电视剧香蜜沉沉烬如霜# #香蜜拯救我的低血糖# 一生一代一双人，争教两处销魂。相思相望不相亲，天为谁春。真相撕开，直面谜局！今晚19:30@江苏卫视@江苏卫视幸福剧场 ，锦觅@杨紫 的命运再次面临抉择！@杨紫@邓伦@陈钰琪Yukee@罗云熙Leo@王一菲Faye@廖劲锋Daniel @姚清仁@完美世界影视@完美世界 ...全文
4279538512343400,09-01,0,316,6631,1191,#都来品香蜜# 月下仙人@夏志远远 对锦觅@杨紫、旭凤@邓伦、润玉@罗云熙Leo 、穗禾@王一菲Faye 四人的婚事感到非常不满，认为这完全是乱点鸳鸯谱，并向彦佑@廖劲锋Daniel 提议要“拨乱反正”......西皮粉粉头+神助攻，这次就看你们两个啦！#电视剧香蜜沉沉烬如霜# 电视剧香蜜沉沉烬如霜的秒拍视频 
4279534180048269,09-01,0,300,5342,1817,#都来品香蜜#  锦觅@杨紫 以为旭凤@邓伦 已经爱上了穗禾@王一菲Faye ，心如死灰，同意与润玉@罗云熙Leo 成婚，“三个人之中，有两个人心中欢喜，那也算是美满了吧......&quot;#电视剧香蜜沉沉烬如霜# 电视剧香蜜沉沉烬如霜的秒拍视频 
4279410372619052,09-01,0,2575,20842,21566,#电视剧香蜜沉沉烬如霜# #香香探蜜记# 润玉@罗云熙Leo 的个人特辑来袭！“这个角色是很丰富，很饱满的，我在饰演他的时候，也觉得非常过瘾，润玉他到后期是一个会黑化的角色，会和他前期的温润如玉形成一个极端的反差，这个也是值得我去挑战和突破的点。”快来一起探索小鱼仙倌的心路历程吧~  ...全文
4279395277355154,09-01,0,1055,11148,2249,#电视剧香蜜沉沉烬如霜# #今天被香蜜捅刀了吗# 情之一物，深挚难诉；万世情劫，寥寥成殇！@杨紫@邓伦@陈钰琪Yukee@罗云熙Leo@王一菲Faye@邹廷威@完美世界影视@完美世界@幸福蓝海官方微博@厦门时代众乐影视@鲲池影业@完美世界刘宁工作室 
4279365069673976,09-01,0,478,7743,2961,#电视剧香蜜沉沉烬如霜#独自倚栏，待得冷颜瘦。心依旧，泪沾衣袖，遥问伊知否？今晚19:30@江苏卫视@江苏卫视幸福剧场 等你~@杨紫@邓伦@陈钰琪Yukee@罗云熙Leo@王一菲Faye@邹廷威@夏志远远 @完美世界影视@完美世界@幸福蓝海官方微博@厦门时代众乐影视@鲲池影业@完美世界刘宁工作室 
4278801179298772,08-30,0,222,4064,1794,#都来品香蜜# 天帝天后相继离去，自己又被削去神籍，旭凤@邓伦 无家可归，向卞城王表示自己决意入魔，要与润玉@罗云熙Leo 一决高下！#旭凤成魔# #电视剧香蜜沉沉烬如霜# 电视剧香蜜沉沉烬如霜的秒拍视频 
4278459834805077,08-29,0,563,8322,2208,#都来品香蜜# 锦觅@杨紫 被润玉@罗云熙Leo 软禁，彦佑@廖劲锋Daniel 看望锦觅，为她带来了旭凤@邓伦 被削去神籍的消息。锦觅黯然神伤，独自感叹过去无忧无虑的时光，可时光难再回，往事不可追小葡萄的笑容要何时才能回来呢#电视剧香蜜沉沉烬如霜# 电视剧香蜜沉沉烬如霜的秒拍视频 
4278458181807981,08-29,0,298,7091,3188,#都来品香蜜#  锦觅@杨紫 长跪润玉@罗云熙Leo ，央求润玉放过旭凤@邓伦，最后更体力不支晕倒。好心疼#电视剧香蜜沉沉烬如霜# #锦觅旭凤重逢# 电视剧香蜜沉沉烬如霜的秒拍视频 
4278452808792788,08-29,0,998,9354,2180,#都来品香蜜# 润玉@罗云熙Leo 下令众将拿下旭凤@邓伦，此时锦觅@杨紫 冲进人群以身相护。“当初杀你的人是我，冤有头债有主，便冲我来吧！”“水神对天帝果真是用情至深，竟以性命相护，但不知道天帝对水神，是否也一般深情？”#电视剧香蜜沉沉烬如霜# #锦觅旭凤重逢# 电视剧香蜜沉沉烬如霜的秒拍视频 
4278451810074897,08-29,0,352,4839,3078,#都来品香蜜# 旭凤@邓伦 回到天界祭拜父帝母神，与润玉@罗云熙Leo 对峙。“既然我能和锦觅联手杀你一次，也可以再杀你一次。”“记住你今日说的每一句话，我终会让你后悔！”#电视剧香蜜沉沉烬如霜# #锦觅旭凤重逢# 电视剧香蜜沉沉烬如霜的秒拍视频 
4278277915102223,08-29,0,304,6186,1904,#电视剧香蜜沉沉烬如霜# #旭凤复活#从别后，忆相逢。几回魂梦与君同。今宵剩把银G照，犹恐相逢是梦中。今晚19:30@江苏卫视@江苏卫视幸福剧场，#锦觅旭凤重逢#！@杨紫@邓伦@陈钰琪Yukee@罗云熙Leo@王一菲Faye@邹廷威@完美世界影视@完美世界@幸福蓝海官方微博@厦门时代众乐影视@鲲池影业 ...全文
4278098659121729,08-28,0,863,7731,8288,#都来品香蜜# 润玉@罗云熙Leo 再次对锦觅@杨紫 表达爱意，锦觅却坦言自己心中只有旭凤@邓伦 ，润玉问锦觅若自己和旭凤一样，锦觅会不会拼死相救，锦觅坦言“会，那是我欠你的。”#电视剧香蜜沉沉烬如霜# 电视剧香蜜沉沉烬如霜的秒拍视频 
4278076731013666,08-28,0,256,4508,1178,#都来品香蜜# 润玉@罗云熙Leo 来到魔界与卞城王@姚清仁 会面，希望卞城王为他在忘川之中寻找旭凤@邓伦 的元灵，鎏英@陈钰琪Yukee 出言讽刺，发誓自己绝对不做一丝一毫对不起旭凤之事，并讥讽润玉是背信弃义、不忠不孝的无耻之徒。#电视剧香蜜沉沉烬如霜#  电视剧香蜜沉沉烬如霜的秒拍视频 
4277734018599118,08-27,0,321,7671,2779,#都来品香蜜# 穗禾@王一菲Faye 表面上塑了一个假旭凤@邓伦 ，以此遮掩润玉@罗云熙Leo 等人视线，实则将旭凤藏于虞渊之中，耗费大量灵力以保旭凤形魄不散，并发誓定要寻找到九转金丹，复活旭凤。#电视剧香蜜沉沉烬如霜# 电视剧香蜜沉沉烬如霜的秒拍视频 
4277722349359598,08-27,0,239,5856,2707,#都来品香蜜# 锦觅@杨紫 告知润玉@罗云熙Leo 自己去了披香殿，查阅过魇兽的噬梦卷宗，发现有人将所思梦改成了所见梦，怀疑自己确实错杀了凤凰@邓伦 ，润玉同意帮助锦觅宣披香殿主事询问，结果却...............#电视剧香蜜沉沉烬如霜# 电视剧香蜜沉沉烬如霜的秒拍视频 
4277718810262939,08-27,0,583,5567,681,#都来品香蜜# 锦觅@杨紫 从魇兽吐出的梦境中发现了陨丹的存在，并且知道了润玉@罗云熙Leo 曾经修复过她，为了找寻陨丹的真相她来到花界询问长芳主@彭杨 ，陨丹这个终极反派的面目终于要被揭穿啦！#电视剧香蜜沉沉烬如霜# 电视剧香蜜沉沉烬如霜的秒拍视频 
4277371072815092,08-26,0,630,5957,8321,#都来品香蜜# 润玉@罗云熙Leo 和幻想中的旭凤@邓伦 对饮，忆起两个人曾经的美好童年记忆，这两兄弟已经回不去最初了！#电视剧香蜜沉沉烬如霜# #锦觅杀旭凤# 电视剧香蜜沉沉烬如霜的秒拍视频 
4277369445213167,08-26,0,465,6636,6196,#都来品香蜜# 润玉@罗云熙Leo 登上天帝之位之后探问天后@周海媚 ，告知旭凤@邓伦 已经身死的情况，天后大受刺激。“他将你视作手足至亲，旭凤何辜？”“旭凤是无辜的，我问你，我母何辜？锦觅何辜？那些千千万万的笠泽水族，他们何其无辜？”#电视剧香蜜沉沉烬如霜# 电视剧香蜜沉沉烬如霜的秒拍视频 
4277360268235762,08-26,0,1871,9816,7836,#都来品香蜜# 燎原君@张钧然先生 为了保护旭凤@邓伦 身死，旭凤愤怒之下准备用琉璃净火攻击润玉@罗云熙Leo 。此时一旁的锦觅@杨紫 受刺激想起水神、风神的惨死，用冰刃捅进了旭凤的后背！“你可曾，爱过我？”“从未！”#电视剧香蜜沉沉烬如霜# #锦觅杀旭凤# 电视剧香蜜沉沉烬如霜的秒拍视频 #凤凰被捅# 
4277357550289120,08-26,0,188,3451,1551,#都来品香蜜# 锦觅@杨紫 和润玉@罗云熙Leo 正在举行婚礼，旭凤@邓伦 突然出现！旭凤向天帝@何中华 禀明了润玉造反的计划，而且润玉的三方天将均已被他卸了甲。但这场叛乱真的能就此平息吗？紧张！#电视剧香蜜沉沉烬如霜# #锦觅杀旭凤# 电视剧香蜜沉沉烬如霜的秒拍视频 
4277354190717118,08-26,0,196,3802,1771,#都来品香蜜# 旭凤@邓伦 和润玉@罗云熙Leo 半夜对饮，各自表明自己的立场。“要么得到一切，要么失去一切，我已经忍耐得太久了。”“我再说最后一遍，除了锦觅，你什么都可拿走。”局势，一触即发！#电视剧香蜜沉沉烬如霜# #锦觅杀旭凤# 电视剧香蜜沉沉烬如霜的秒拍视频 
4277190746892653,08-26,0,1248,17299,5514,"#电视剧香蜜沉沉烬如霜# #灵修夫妇# 不知魂已断，空有梦相随。除却天边月，没人知。
今晚19:30 #锦觅杀旭凤# ，终迎各人命运转折点！? @杨紫@邓伦@罗云熙Leo@王一菲Faye@何中华 @完美世界影视@完美世界@幸福蓝海官方微博@厦门时代众乐影视@鲲池影业@完美世界刘宁工作室 "
4276828359830366,08-25,0,249,5590,2237,"#电视剧香蜜沉沉烬如霜# #香蜜拯救我的低血糖# 知我意，感君怜，此情须问天。香作穗，蜡成泪，还似两人心意。
今晚19:30@江苏卫视@江苏卫视幸福剧场  等你！? @杨紫@邓伦@陈钰琪Yukee@罗云熙Leo@王一菲Faye@邹廷威@完美世界影视@完美世界@幸福蓝海官方微博@厦门时代众乐影视@鲲池影业@完美世界刘宁工作室 "
4276643889001370,08-24,0,250,4295,5548,#都来品香蜜# 锦觅@杨紫 询问润玉@罗云熙Leo 水神之案的进展，并试探要是凶手会因为身份问题而逃脱惩罚......润玉答应锦觅一定要查出真凶，以后的路都会陪她一起走下去。#电视剧香蜜沉沉烬如霜# #水神风神殒身之谜# 电视剧香蜜沉沉烬如霜的秒拍视频 
4276465971618711,08-24,0,273,5112,2303,#电视剧香蜜沉沉烬如霜# #香蜜拯救我的低血糖#?情深不觉人心恶，魂梦锦书何所托？欲笺心事空愁绪， 垂泪阑珊花易落。今晚19:30@江苏卫视@江苏卫视幸福剧场?，#水神风神殒身之谜#，众人陷谜局！@杨紫@邓伦@陈钰琪Yukee@罗云熙Leo@王一菲Faye@邹廷威@完美世界影视@完美世界@幸福蓝海官方微博 ...全文
4276285767145011,08-23,0,417,5505,7549,#都来品香蜜# 锦觅@杨紫 终于醒来，被润玉@罗云熙Leo 告知是旭凤@邓伦 及时相救；穗禾@王一菲Faye 在旭凤@邓伦 面前把罪责推给暮辞@邹廷威 ，但旭凤却因为鎏英@陈钰琪Yukee 相信暮辞为人。#电视剧香蜜沉沉烬如霜# 电视剧香蜜沉沉烬如霜的秒拍视频 
4276284467205338,08-23,0,148,3868,1962,#都来品香蜜# 穗禾@王一菲Faye 和暮辞@邹廷威 埋伏在璇玑宫想偷袭润玉@罗云熙Leo ，没想到却碰上来送人参的锦觅@杨紫，穗禾逼迫暮辞对锦觅出手，暮辞在千钧一发之间念及鎏英@陈钰琪Yukee 不忍下手，此时旭凤@邓伦 此刻及时上线救下锦觅~紧张！#电视剧香蜜沉沉烬如霜# 电视剧香蜜沉沉烬如霜的秒拍视频 
4276283523798520,08-23,0,91,2867,1815,"#都来品香蜜# 穗禾@王一菲Faye 找到昏迷中的暮辞@邹廷威 ,命令他用灭灵箭杀死润玉@罗云熙Leo ，暮辞担心自己灵力消耗太过无法实现，穗禾却表示自己到时会帮助他。他们的计划能否实现呢？#电视剧香蜜沉沉烬如霜# 电视剧香蜜沉沉烬如霜的秒拍视频 "
4276282327389801,08-23,0,174,3061,3226,#都来品香蜜# 润玉@罗云熙Leo 和鸟族隐雀长老达成协议，以鸟族兵力布防图泄露为威胁，达成协议。润玉在鸟族面前为隐雀澄清，更把矛头直指穗禾@王一菲Faye 。穗禾的鸟族族长之位还能坐稳吗？ 电视剧香蜜沉沉烬如霜的秒拍视频 
4276271275582148,08-23,0,135,3566,1359,#都来品香蜜# 旭凤@邓伦 前来求见水神@王仁君国度 ，一来想探望锦觅@杨紫，二来想为天后@周海媚 请罪，但是水神却拒绝了他的请求旭凤和润玉@罗云熙Leo 二人为锦觅再次反唇相讥，矛盾再度升级~#电视剧香蜜沉沉烬如霜# 电视剧香蜜沉沉烬如霜的秒拍视频 
4276265420545516,08-23,0,136,3148,1384,#都来品香蜜# 润玉@罗云熙Leo 祭拜簌离@樊锦霖 ，下定决心要报仇。此时扑哧君@廖劲锋Daniel 上线，带来隐雀长老要带着鸟族叛出天界的消息，润玉分析局势，看来天界、魔界、鸟族都将要不太平了......#电视剧香蜜沉沉烬如霜# 电视剧香蜜沉沉烬如霜的秒拍视频 
4276103583678585,08-23,0,307,7348,3449,#电视剧香蜜沉沉烬如霜#?#香蜜拯救我的低血糖#?青烟翠雾罩轻盈，飞絮游丝无定。相见争如不见，有情何似无情。今晚19:30@江苏卫视@江苏卫视幸福剧场 ，虐心升级！@杨紫@邓伦@陈钰琪Yukee@罗云熙Leo@王一菲Faye@邹廷威@完美世界影视@完美世界@幸福蓝海官方微博@厦门时代众乐影视@鲲池影业 ...全文
4275907881051313,08-22,0,432,5722,1408,#都来品香蜜# 锦觅@杨紫 拒见旭凤@邓伦，更向他表示已经答应和润玉@罗云熙Leo 的婚事。不知原因的旭凤对态度大变的锦觅难以理解......#电视剧香蜜沉沉烬如霜# “这天地之间，岂有我旭凤惧怕之物！要说唯一让我惧怕的，就是你的心思......&quot;陨丹，出来挨打！ 电视剧香蜜沉沉烬如霜的秒拍视频 
4275906799146619,08-22,0,119,3658,730,#都来品香蜜# 陨丹被修复后，再次失去情爱能力的锦觅@杨紫 对于自己和旭凤@邓伦 在凡间的感情产生了迷惑，再加上怀疑天后@周海媚 是杀死肉肉@付柔美琦 的凶手，小葡萄的脑容量已经爆炸了为了不让大家为难，锦觅最终答应了和润玉@罗云熙Leo 的婚事......#电视剧香蜜沉沉烬如霜#  ...全文
4275741195562463,08-22,0,341,7734,2216,#电视剧香蜜沉沉烬如霜# #香蜜拯救我的低血糖# 折花枝，恨花枝，准拟花开人共卮，开时人去时。怕相思，已相思，轮到相思没处辞，眉间露一丝。今晚19:30@江苏卫视@江苏卫视， 锦觅遇险？！@杨紫@邓伦@陈钰琪Yukee@罗云熙Leo@王一菲Faye@邹廷威@完美世界影视@完美世界@幸福蓝海官方微博 ...全文
4275561071835713,08-21,0,1389,9072,7226,#都来品香蜜# 润玉@罗云熙Leo 在锦觅@杨紫 睡着的时候查看陨丹状况，发现果然碎裂了。润玉宁愿锦觅此生都不知道情为何物，谁都不爱，动手修复了陨丹......陨丹，这个终极反派，再次归位锦觅的体内。#电视剧香蜜沉沉烬如霜# 电视剧香蜜沉沉烬如霜的秒拍视频 
4275559582376958,08-21,0,503,5219,2329,#都来品香蜜# 润玉@罗云熙Leo 对锦觅@杨紫 诉说自己的悲惨童年，锦觅用自己的身世对其安慰。润玉感叹前天夜里昙花开了却不能和锦觅一起欣赏，非常可惜。他欲亲近锦觅，锦觅却拒绝了......#电视剧香蜜沉沉烬如霜# 电视剧香蜜沉沉烬如霜的秒拍视频 
4275554834803368,08-21,0,268,4335,2273,#都来品香蜜# 润玉@罗云熙Leo 翻查典籍，又想起锦觅@杨紫 以往对情爱异常的反应，想起自己曾经服下浮梦丹失去记忆，怀疑锦觅是否也在受某种控制。陨丹的存在要被发现了吗？#电视剧香蜜沉沉烬如霜# 电视剧香蜜沉沉烬如霜的秒拍视频 
4275546236244537,08-21,0,119,4709,1458,#都来品香蜜# 锦觅@杨紫 小心翼翼询问洛霖@王仁君国度 ，婚约是否可以反悔。水神询问锦觅是否要解除和润玉@罗云熙Leo 的婚礼，锦觅因为润玉的生母刚去世而有所犹豫......这个局要怎么解呢~#电视剧香蜜沉沉烬如霜# 电视剧香蜜沉沉烬如霜的秒拍视频 
4275545066329396,08-21,0,229,4521,1661,#都来品香蜜# 旭凤@邓伦 来找润玉@罗云熙Leo 喝酒，并表示要替天后@周海媚 赔罪。旭凤表示对天后给自己铺设的天帝之路从来都不敢兴趣，日后愿意追随兄长。他正式向润玉提出希望他能解除和锦觅@杨紫 的婚约，润玉会答应吗？#电视剧香蜜沉沉烬如霜# 电视剧香蜜沉沉烬如霜的秒拍视频 
4275378807371975,08-21,0,524,8162,2492,#电视剧香蜜沉沉烬如霜# #锦觅旭凤灵修# 采莲无限兰桡女，笑指中流羡尔归；得成比目何辞死，愿作鸳鸯不羡仙。今晚19:30@江苏卫视@江苏卫视，合法灵修@杨紫@邓伦@陈钰琪Yukee@罗云熙Leo@王一菲Faye@邹廷威@完美世界影视@完美世界@幸福蓝海官方微博@厦门时代众乐影视@鲲池影业 ...全文
4275195100895898,08-20,0,291,5607,4332,#都来品香蜜# 润玉@罗云熙Leo 为簌离之事大受打击，锦觅@杨紫 得知此事，更因为肉肉的事情感同身受对其安慰。润玉却觉得锦觅似乎和从前有点不一样了.......对于润玉提起的婚事，已经心有所属的锦觅会怎么回答呢#电视剧香蜜沉沉烬如霜# 电视剧香蜜沉沉烬如霜的秒拍视频 
4275189959375393,08-20,0,732,6641,2982,#都来品香蜜# 天后@周海媚 给润玉@罗云熙Leo 两个选择，要么就跟洞庭湖划清界限，亲自掌刑，要么就带其受过，替亲生母亲赎罪。润玉表示愿意一力承担所有罪责，只求天后放过洞庭湖的无辜生灵#电视剧香蜜沉沉烬如霜# 电视剧香蜜沉沉烬如霜的秒拍视频 
4275184494059430,08-20,0,140,3886,1124,#都来品香蜜# 润玉@罗云熙Leo 为洞庭湖三万多条生灵向天帝@何中华 求情，但是天帝却表示天后@周海媚 也是顺应天命行事，不应该破坏法度。揪心，还有谁能救这群无辜的生灵呢......#电视剧香蜜沉沉烬如霜# 电视剧香蜜沉沉烬如霜的秒拍视频 
4275060086439504,08-20,0,204,3409,500,#电视剧香蜜沉沉烬如霜# 温润如玉的夜神罗云熙今晚20:30将空降QQ看点翻牌互动啦～这次关闭虐恋模式，只撩你的少女心，快去围观网页链接 
4275016419707162,08-20,0,371,7471,1855,#电视剧香蜜沉沉烬如霜# #锦觅旭凤大婚殉葬# 重过阔门万事非，同来何事不同归？梧桐半死清霜后，白头鸳鸯失伴飞。今晚19:30@江苏卫视@江苏卫视 #锦觅旭凤大婚殉情#，催泪上映！@杨紫@邓伦@陈钰琪Yukee@罗云熙Leo@王一菲Faye@邹廷威@完美世界影视@完美世界@幸福蓝海官方微博@厦门时代众乐影视 ...全文
4274842775870291,08-19,0,425,7640,1258,#电视剧香蜜沉沉烬如霜# #都来品香蜜# 谁是香蜜的歌王？润玉@罗云熙Leo 、天帝@何中华 、邝露@杜雨宸-Bella 展开了激烈的竞争~你们猜最后谁获胜哇 电视剧香蜜沉沉烬如霜的秒拍视频 
4274815281565169,08-19,0,759,6098,2499,#都来品香蜜# 簌离@樊锦霖 让润玉@罗云熙Leo 悲痛万分，独自在璇玑宫落泪母亲的死，对润玉真的是太大的打击了......#电视剧香蜜沉沉烬如霜# 电视剧香蜜沉沉烬如霜的秒拍视频 
4274654027341945,08-19,0,581,7850,2318,#电视剧香蜜沉沉烬如霜# #香蜜拯救我的低血糖#努力爱春华，莫忘欢乐时。生当复来归，死当长相思。今晚19:30@江苏卫视@江苏卫视 备好纸巾看#锦觅旭凤诀别#@杨紫@邓伦@陈钰琪Yukee@罗云熙Leo@王一菲Faye@邹廷威@完美世界影视@完美世界@幸福蓝海官方微博@厦门时代众乐影视@鲲池影业 ...全文
4274480396585527,08-18,0,1077,12238,2501,#电视剧香蜜沉沉烬如霜# #香香探蜜记# 摄影、画画、唱歌......所以还有什么是润玉@罗云熙Leo 不会的吗厉害了 电视剧香蜜沉沉烬如霜的秒拍视频 
4274460762961500,08-18,0,1902,10010,5493,#都来品香蜜#  天后@周海媚 在洞庭湖与簌离@樊锦霖 对峙，不顾润玉@罗云熙Leo 求情，杀死了簌离......失去至亲的小鱼仙倌要怎么承受这一切#电视剧香蜜沉沉烬如霜# 电视剧香蜜沉沉烬如霜的秒拍视频 
4274455725967033,08-18,0,128,4144,731,#都来品香蜜#  润玉@罗云熙Leo 回到洞庭湖，为儿时离开母亲，为长大之后怪罪母亲之事向簌离@樊锦霖 下跪认错。虽然母子二人并未相认，但簌离对自己亲生儿子的爱，相信所有人都可以看出并理解吧~#电视剧香蜜沉沉烬如霜# 电视剧香蜜沉沉烬如霜的秒拍视频 
4274336942603524,08-18,0,905,10124,1100,#电视剧香蜜沉沉烬如霜# #香香探蜜记# 什么！新版的白娘子传奇的阵容居然是他们？不不不，只是润玉@罗云熙Leo 和扑哧君@廖劲锋Daniel 的衣服有所相似而已啦 电视剧香蜜沉沉烬如霜的秒拍视频 
4274291639416375,08-18,0,337,7404,1550,#电视剧香蜜沉沉烬如霜#?#香蜜拯救我的低血糖#?明月灯窗下，顾影双双对；阑斜春庭月，离人照落花。今晚19:30@江苏卫视@江苏卫视幸福剧场 看#锦觅旭凤皮影吻#，最心动的告白来袭！@杨紫@邓伦@陈钰琪Yukee@罗云熙Leo@王一菲Faye@邹廷威@完美世界影视@完美世界@幸福蓝海官方微博@厦门时代众乐影视 ...全文
4274107530544967,08-17,0,454,6303,3274,#都来品香蜜# 润玉@罗云熙Leo 向邝露@杜雨宸-Bella 提起童年时候被剜龙角、拔龙鳞的痛苦经历，邝露心疼不已......#电视剧香蜜沉沉烬如霜# 电视剧香蜜沉沉烬如霜的秒拍视频 
4274096865095286,08-17,0,467,4156,1248,#都来品香蜜#  簌离@樊锦霖 身份正式揭晓！彦佑@廖劲锋Daniel 的干娘，居然就是润玉@罗云熙Leo 生母簌离 ！簌离一直暗中蓄力，对抗天后并谋害天后之子旭凤@邓伦 ，可面对润玉的凄凉质问，簌离却坚持不认自己的亲生骨肉，过往的真相究竟是什么？#电视剧香蜜沉沉烬如霜# 电视剧香蜜沉沉烬如霜的秒拍视频 
4274094595723153,08-17,0,138,3843,624,#都来品香蜜# 润玉@罗云熙Leo 与邝露@杜雨宸-Bella 来到洞庭湖，润玉似乎对这里的生活环境极为熟悉，童年的悲惨往事也被逐渐揭开。人家明明是条龙，为什么把人家当条鱼，龙生委实艰难#电视剧香蜜沉沉烬如霜# 电视剧香蜜沉沉烬如霜的秒拍视频 
4274092334560446,08-17,0,96,3566,628,#都来品香蜜#  润玉@罗云熙Leo 到人间看望锦觅@杨紫 ，见到锦觅院中挂满的凤凰灯，又听到扑哧君@廖劲锋Daniel 说这些灯都是旭凤@邓伦 亲手做的，心中吃味不已。扑哧君带润玉去了洞庭湖， 润玉的身世之谜就要揭晓了#电视剧香蜜沉沉烬如霜# 电视剧香蜜沉沉烬如霜的秒拍视频 
4274065151599101,08-17,0,90,3546,495,#电视剧香蜜沉沉烬如霜# 【香香剧透社】润玉@罗云熙Leo 的身世之谜，就要揭晓了！今晚19:30@江苏卫视@江苏卫视幸福剧场 ，等你揭秘！ 
4273944351124576,08-17,0,644,7855,2427,#电视剧香蜜沉沉烬如霜# #香蜜拯救我的低血糖# 一道鹊桥横渺渺，千声玉佩过玲玲。别离还有经年客，怅望不如河鼓星。@杨紫@邓伦@陈钰琪Yukee@罗云熙Leo@王一菲Faye@邹廷威@完美世界影视@完美世界@幸福蓝海官方微博@厦门时代众乐影视@鲲池影业@完美世界刘宁工作室 
4273929260477259,08-17,0,282,5887,1338,#电视剧香蜜沉沉烬如霜# #香蜜拯救我的低血糖# 依依两别情自契，嗟余堪折曲阑深处重；凄凉别后两应同，最是不胜清怨月明中。@杨紫@邓伦@陈钰琪Yukee@罗云熙Leo@王一菲Faye@邹廷威@完美世界影视@完美世界@幸福蓝海官方微博@厦门时代众乐影视@鲲池影业@完美世界刘宁工作室 
4273566863807574,08-16,0,286,5611,1505,"#电视剧香蜜沉沉烬如霜# #暑假我在追香蜜#春风十里淮梧径，镌华涟涟总不知；多情却似总无情，唯盼有心依惜别。
今晚19:30?@江苏卫视 ??@江苏卫视幸福剧场? 凤凰灯为你而点~#农贸圈女孩# 元气满满追剧的一天，冲鸭[米奇比心]@杨紫@邓伦@陈钰琪Yukee@罗云熙Leo@王一菲Faye@邹廷威@完美世界影视@完美世 ...全文"
4273385921553742,08-15,0,206,4289,780,#都来品香蜜# 润玉@罗云熙Leo 和邝露@杜雨宸-Bella 来到省经阁找寻灭灵箭的资料，没想到润玉却意外发现了一副画像：画上女子居然佩戴火灵珠！而且落款者还是天帝弃之不用的别号......到底这幅画像背后藏了什么秘密呢？#电视剧香蜜沉沉烬如霜# 电视剧香蜜沉沉烬如霜的秒拍视频 
4273384516455726,08-15,0,384,5508,913,#都来品香蜜# 来来来，都来了！锦觅@杨紫 旭凤@邓伦 润玉@罗云熙Leo 彦佑@廖劲锋Daniel 四人修罗场终于集齐了“要带她走，先问过我。”“在天上的时候还故作矜持，怎么到了凡间，就成了一个大醋坛子了。” 电视剧香蜜沉沉烬如霜的秒拍视频 
4273383091304110,08-15,0,293,6692,1328,#都来品香蜜#陪你一起去看流星雨的润玉@罗云熙Leo 又上线了！流星雨之后再开昙花雨，这么浪漫的技能点，怪不得我们锦觅@杨紫 如此开心然鹅，当旭凤@邓伦 也出现，人间三人修罗场，就开始了……#电视剧香蜜沉沉烬如霜# 电视剧香蜜沉沉烬如霜的秒拍视频 
4273204480886386,08-15,0,300,6491,1074,#电视剧香蜜沉沉烬如霜# #暑假我在追香蜜# 人道海水深，不抵相思半。海水尚有涯，相思渺无畔。今晚19:30 @江苏卫视  @江苏卫视幸福剧场 揭开面纱后的秘密！ @杨紫@邓伦@陈钰琪Yukee@罗云熙Leo@王一菲Faye@邹廷威@完美世界影视@完美世界@幸福蓝海官方微博@厦门时代众乐影视@鲲池影业 ...全文
4273045935586473,08-14,0,283,7885,1349,#电视剧香蜜沉沉烬如霜# 【晚安情话】我愿意等待，你会回头吗？@罗云熙Leo 
4273020773697485,08-14,0,231,4656,928,#都来品香蜜#  奇鸢@邹廷威 偷袭锦觅@杨紫 ，被润玉@罗云熙Leo 所阻，润玉看到灭灵箭，怀疑奇鸢身份。奇鸢到底是谁？他的身后隐藏着怎样巨大的秘密？都快来护住锦觅宝宝哇#电视剧香蜜沉沉烬如霜# 电视剧香蜜沉沉烬如霜的秒拍视频 
4273011504972146,08-14,0,445,4953,982,#都来品香蜜#  锦觅@杨紫 求神仙显灵，保佑鸦鸦身体健康、万寿无疆，居然求到了润玉大神仙@罗云熙Leo 显灵我们锦觅，必然是很有仙缘的嘛~~香香也十分想求一个润玉神仙显灵啦！#电视剧香蜜沉沉烬如霜# 电视剧香蜜沉沉烬如霜的秒拍视频 
4272857200527897,08-14,0,1245,6278,1070,#电视剧香蜜沉沉烬如霜# #暑假我在追香蜜# 六界风流人物，皆在此集合你们内心跑过的弹幕，香香帮你们汇总一波了@杨紫@邓伦@陈钰琪Yukee@罗云熙Leo@王一菲Faye@邹廷威@完美世界影视@完美世界@幸福蓝海官方微博@厦门时代众乐影视@鲲池影业@完美世界刘宁工作室 
4272842097189238,08-14,0,374,6659,1234,"#电视剧香蜜沉沉烬如霜#?#暑假我在追香蜜#相逢依稀浸梦，迢迢白露湄萋；往事翩翩尘绮，脉脉此情谁诉。
今晚19:30?@江苏卫视 ?@江苏卫视幸福剧场与你继续相约~?#我是鸦鸦# 一诺既出，万山无阻[米奇比心]@杨紫@邓伦@陈钰琪Yukee@罗云熙Leo@王一菲Faye@邹廷威@完美世界影视@完美世界 ...全文"
4272643286283270,08-13,0,145,2999,770,#都来品香蜜#  邝露@杜雨宸-Bella 借锦鲤与龙向润玉@罗云熙Leo 暗暗表白倾慕之情，可惜如切如磋、温润如玉的夜神殿下并未承情。神女有心，襄王无梦哪~#电视剧香蜜沉沉烬如霜# 电视剧香蜜沉沉烬如霜的秒拍视频 
4272479704470877,08-13,0,253,5301,735,"#电视剧香蜜沉沉烬如霜# #暑假我在追香蜜#巧言情丝生，灼灼言其华；柔情朝暮归，如梦度佳期。
今晚19:30@江苏卫视 ?@江苏卫视幸福剧场?与你继续玩转#香蜜人间副本#?！@杨紫@邓伦@陈钰琪Yukee@罗云熙Leo@王一菲Faye@邹廷威@完美世界影视@完美世界@幸福蓝海官方微博@厦门时代众乐影视@鲲池影业 ...全文"
4272207913785569,08-12,0,417,5222,920,#电视剧香蜜沉沉烬如霜# #暑假我在追香蜜# “只要有我在你身边一日，我便护你平安康乐一日。”“如此，觅儿无论何时何地，只有抬头便可看见回家的路。”@罗云熙Leo 
4272117316590813,08-12,0,386,6407,912,#电视剧香蜜沉沉烬如霜# #暑假我在追香蜜#红尘纵有千千劫，情丝万卷何堪诉；金风玉露逑相逢，胜却人间无数倦。今晚19:30@江苏卫视 @江苏卫视幸福剧场 与你一起开启#香蜜人间副本# ！@杨紫@邓伦@陈钰琪Yukee@罗云熙Leo@王一菲Faye@邹廷威@完美世界影视@完美世界@幸福蓝海官方微博@厦门时代众乐影视 ...全文
4271754929406101,08-11,0,361,6362,1116,#电视剧香蜜沉沉烬如霜##暑假我在追香蜜#多情却被无情恼，今夜还如昨夜长；轮到相思无处辞，眉间已露一缕丝。今天19:30@江苏卫视 @江苏卫视幸福剧场 ，寻蜜之旅，甜香继续。@杨紫@邓伦@陈钰琪Yukee@罗云熙Leo@王一菲Faye@邹廷威@完美世界影视@完美世界@幸福蓝海官方微博@厦门时代众乐影视@鲲池影业 ...全文
4271566940916917,08-10,0,109,2749,464,#暑假我在追香蜜# #电视剧香蜜沉沉烬如霜# “不论如何，我们都是骨肉至亲，我实在不愿意看你在无望的感情当中越陷越深。”“大殿好意旭凤心领。但是锦觅，我是不会放手的。” @邓伦@罗云熙Leo 电视剧香蜜沉沉烬如霜的秒拍视频 
4271559332526238,08-10,0,324,3444,581,#都来品香蜜#  “烧焦的凤凰变乌鸦”的“惨状”还历历在目，这一切的罪魁祸首终于现身了！旭凤@邓伦 润玉@罗云熙Leo 与彦佑@廖劲锋Daniel 开战，难道当初阻挠凤凰涅，伤了润玉之人居然是他？！#电视剧香蜜沉沉烬如霜# 电视剧香蜜沉沉烬如霜的秒拍视频 
4271552600724881,08-10,0,112,2842,583,#都来品香蜜# 润玉@罗云熙Leo 与锦觅@杨紫 亲事已定，润玉心愿得偿，将自己的萌宠魇兽送给了锦觅，答允锦觅待魇兽长大一些后可当坐骑。这纸婚书，真的能兑现么.......#电视剧香蜜沉沉烬如霜# 电视剧香蜜沉沉烬如霜的秒拍视频 
4271528437313014,08-10,0,69,3004,408,#电视剧香蜜沉沉烬如霜# 【香香剧透社】润玉@罗云熙Leo 对锦觅@杨紫 诉说昙花的故事，感觉有双重含义哪。今晚19：30@江苏卫视@江苏卫视幸福剧场 继续约定你哦~ 
4271392540917795,08-10,0,211,4914,907,#电视剧香蜜沉沉烬如霜##暑假我在追香蜜#旧游无处不堪寻，惟有少年心如初；追往事，去无迹，故人逢，恩怨生。今天19:30@江苏卫视 @江苏卫视幸福剧场 ，身世揭晓，恩怨渐生！@杨紫@邓伦@陈钰琪Yukee@罗云熙Leo@王一菲Faye@邹廷威@完美世界影视@完美世界@幸福蓝海官方微博@厦门时代众乐影视@鲲池影业 ...全文
4271204049290757,08-09,0,119,3142,840,#都来品香蜜# “一旦踏上大殿，便回不了头了。”润玉@罗云熙Leo 从此再无回头路！#电视剧香蜜沉沉烬如霜# 
4271203297939508,08-09,0,116,2531,680,#都来品香蜜# 黑化版润玉上线！润玉@罗云熙Leo 对锦觅@杨紫 埋下情根，巧施计谋让锦觅在生父洛霖@王仁君国度 面前承认喜欢自己，并暗暗透露出自己已和水神长女定下婚约之事。一盘大棋，正式开始#电视剧香蜜沉沉烬如霜# 电视剧香蜜沉沉烬如霜的秒拍视频 
4271190459339916,08-09,0,73,2355,566,#都来品香蜜# 润玉@罗云熙Leo 来到花界，偷听到洛霖@王仁君国度 与锦觅@杨紫 父女相认，得知锦觅不是自己的妹妹，而是自己早已定下的未婚妻润玉会不会告诉凤凰@邓伦 这件事呢？#电视剧香蜜沉沉烬如霜# 电视剧香蜜沉沉烬如霜的秒拍视频 
4271030157937356,08-09,0,209,3731,859,#电视剧香蜜沉沉烬如霜##暑假我在追香蜜#香苒苒，梦依依，几番纠葛几番思；往事乱，芳心碎，旧情已逝不可追。今天19:30@江苏卫视 @江苏卫视幸福剧场 ，看往事逐渐清晰，断情愫何去何从？@杨紫@邓伦@陈钰琪Yukee@罗云熙Leo@王一菲Faye@邹廷威@完美世界影视@完美世界@幸福蓝海官方微博 ...全文
4270847449759410,08-08,0,50,2593,314,#都来品香蜜# 天后@周海媚 为对梓芬@张琰 的旧怨，想要出手伤害锦觅@杨紫 ，被水神洛霖@王仁君国度 和润玉@罗云熙Leo 及时阻拦。真?锦觅?爸爸要出现了吗#电视剧香蜜沉沉烬如霜# 电视剧香蜜沉沉烬如霜的秒拍视频 
4270841409211493,08-08,0,255,3837,553,#都来品香蜜# 旭凤@邓伦 向润玉@罗云熙Leo 道出锦觅@杨紫 与两人实则是“异母兄妹”之事，神情黯然，听到锦觅说自己喜欢小鱼仙官，又颇感不悦~~凤凰啊凤凰啊，你这叫吃醋啦！#电视剧香蜜沉沉烬如霜# 电视剧香蜜沉沉烬如霜的秒拍视频 
4270835374343952,08-08,0,167,2299,287,#都来品香蜜# 锦觅@杨紫 小可爱不小心祸从口出，惹天后@周海媚 发怒，关键时刻旭凤@邓伦 的凤翎保护了锦觅，旭凤、润玉@罗云熙Leo 更双双为锦觅求情~~两兄弟的一颗心都悬在小葡萄身上啦#电视剧香蜜沉沉烬如霜# 电视剧香蜜沉沉烬如霜的秒拍视频 
4270667765552469,08-08,0,159,3019,736,#电视剧香蜜沉沉烬如霜##暑假我在追香蜜#谁赋情丝，画成幽思，写入新诗。身世初揭晓，乾坤玄机秘。今天19:30 @江苏卫视 @江苏卫视幸福剧场 锦觅@杨紫 身世初露，尘封往事渐翻开！@杨紫@邓伦@陈钰琪Yukee@罗云熙Leo@王一菲Faye@邹廷威@完美世界影视@完美世界@幸福蓝海官方微博@厦门时代众乐影视 ...全文
4270531228447492,08-07,0,301,8213,727,#电视剧香蜜沉沉烬如霜##暑假我在追香蜜# 香蜜终成佳酿，共创十亿佳绩；六大主演齐来贺，花开卷展醉一回！每晚19:30@江苏卫视 @江苏卫视幸福剧场 与你继续相约?@杨紫@邓伦@陈钰琪Yukee@罗云熙Leo@王一菲Faye@邹廷威@完美世界影视@完美世界@幸福蓝海官方微博@厦门时代众乐影视@鲲池影业 ...全文
4270501670786061,08-07,0,104,2978,281,#电视剧香蜜沉沉烬如霜# 【晚安情话】希望你不再孤寂，晚安@罗云熙Leo 
4270481681283516,08-07,0,128,2506,272,#都来品香蜜# 旭凤@邓伦 下凡人间，找到锦觅@杨紫 、润玉@罗云熙Leo ，三人一起喝桂花陈酿，锦觅居然一个人喝倒了两个大男人厉害了我的觅！但觅儿，你要带凤凰去哪！你似乎忘记了还有人需要你松绑@廖劲锋Daniel #电视剧香蜜沉沉烬如霜# 电视剧香蜜沉沉烬如霜的秒拍视频 
4270470716743530,08-07,0,184,2993,433,#都来品香蜜# 润玉@罗云熙Leo 带锦觅@杨紫 去看天河，锦觅送给润玉昙花的种子，二人约定昙花开放之时一起赏花。小葡萄呀，你可知道，润玉殿下好像对你也动心了呢#电视剧香蜜沉沉烬如霜# 电视剧香蜜沉沉烬如霜的秒拍视频 
4270466439437140,08-07,0,114,2090,222,#都来品香蜜# 润玉@罗云熙Leo 去花界看望锦觅@杨紫 ，为锦觅变出了满天流星，并答应带锦觅离开水镜，去看外面的景致~~wuli小葡萄要去人间玩啦#电视剧香蜜沉沉烬如霜# 电视剧香蜜沉沉烬如霜的秒拍视频 
4270305377303341,08-07,0,176,3578,859,#电视剧香蜜沉沉烬如霜##暑假我在追香蜜#往事重翻起，今宵难解意，欲把相思说似谁，浅情人不知。今天19:30 @江苏卫视 @江苏卫视幸福剧场 看#灵修夫妇#玩转人间日常！@杨紫@邓伦@陈钰琪Yukee@罗云熙Leo@王一菲Faye@邹廷威@完美世界影视@完美世界@幸福蓝海官方微博@厦门时代众乐影视@鲲池影业 ...全文
4270123936045524,08-06,0,85,2223,403,#都来品香蜜# 旭凤@邓伦 中瘟针之毒，天后@周海媚 心急担忧，言语之间处处怀疑是润玉@罗云熙Leo 从中作梗。心疼我们大殿下，希望两兄弟的感情要一直好下去呀 #电视剧香蜜沉沉烬如霜# 电视剧香蜜沉沉烬如霜的秒拍视频 
4269942990370244,08-06,0,393,3227,747,#电视剧香蜜沉沉烬如霜# #暑假我在追香蜜# 始信人间离别苦，月明千里两相思。情丝渐起，情念初动，转瞬间，便得咫尺天涯。今天19:30分， @江苏卫视 @江苏卫视幸福剧场 #旭凤表白锦觅# 甜虐升级！@杨紫@邓伦@陈钰琪Yukee@罗云熙Leo@王一菲Faye@邹廷威@完美世界影视@完美世界@幸福蓝海官方微博 ...全文
4269762047999466,08-05,0,337,3521,850,#都来品香蜜#旭凤@邓伦 、鎏英@陈钰琪Yukee 、润玉@罗云熙Leo 三人联手，成功封印穷奇@胡锦阳- ，锦觅@杨紫 关键时刻使用陨魔杵帮了大忙~~小葡萄有大能量#电视剧香蜜沉沉烬如霜# 电视剧香蜜沉沉烬如霜的秒拍视频 
4269753743106139,08-05,0,81,2053,310,#都来品香蜜# 魔界缉拿穷奇副本开启！身在魔界的旭凤@邓伦 又和每天想找他“打架”的鎏英公主@陈钰琪Yukee 切磋了一架~小葡萄@杨紫 和润玉@罗云熙Leo 吃瓜围观中 #电视剧香蜜沉沉烬如霜# 电视剧香蜜沉沉烬如霜的秒拍视频 
4269749464574856,08-05,0,173,2967,491,#都来品香蜜#可爱的小魇兽又来啦~~来听润玉大殿@罗云熙Leo 为大家讲解以梦为食的魇兽梦珠的秘密吧！然鹅梦珠中最大的秘密是，旭凤@邓伦 居然做了春梦梦中那个女孩纸怎么和锦觅@杨紫长得一样呢#电视剧香蜜沉沉烬如霜# 电视剧香蜜沉沉烬如霜的秒拍视频 
4269740656073967,08-05,0,197,2195,386,#都来品香蜜# 旭凤@邓伦 润玉@罗云熙Leo 南天门联手大战穷奇@胡锦阳- ，为保护锦觅@杨紫 而受伤的旭凤真是“男友力max”！香香给你点赞 #电视剧香蜜沉沉烬如霜# 电视剧香蜜沉沉烬如霜的秒拍视频 
4269720964081836,08-05,0,66,2179,348,#电视剧香蜜沉沉烬如霜# 【香香剧透社】旭凤@邓伦 、润玉@罗云熙Leo 争相为锦觅@杨紫 买买买？三人气氛有点微妙哦今晚19:30，缉拿穷奇小分队上线魔界副本刷起来~ 
4269580601553341,08-05,0,251,7316,939,"#电视剧香蜜沉沉烬如霜# #暑假我在追香蜜# 相思梦闺诉相思，绮梦难解梦里人；堪堪携手破险境，十里柔情何解愁。
今晚19:30@江苏卫视  @江苏卫视幸福剧场 一起去窥探旭凤@邓伦 的梦中情人哟@杨紫@邓伦@陈钰琪Yukee@罗云熙Leo@王一菲Faye@邹廷威@完美世界影视@完美世界@幸福蓝海官方微博 ...全文"
4269218214091505,08-04,0,210,2892,756,#电视剧香蜜沉沉烬如霜# #暑假我在追香蜜#言语起龃龉，未知情根种。星君如月，夜夜流光相皎洁。凤凰花开，绵绵情长扬新阕。今晚19:30@江苏卫视 @江苏卫视幸福剧场 ，葡萄现真身@杨紫@邓伦@陈钰琪Yukee@罗云熙Leo@王一菲Faye@邹廷威@完美世界影视@完美世界@幸福蓝海官方微博@厦门时代众乐影 ...全文
4269102920606908,08-04,0,82,2419,209,#电视剧香蜜沉沉烬如霜# 谁还没睡？和润玉@罗云熙Leo 一起夜观星象? 
4269066871490316,08-03,0,29,1635,53,#电视剧香蜜沉沉烬如霜# 小鱼仙倌的夸赞是真实的吗 查看图片 //@罗云熙Leo：画风满分
4269045748471277,08-03,0,22,1172,64,#电视剧香蜜沉沉烬如霜# 求职不容易//@杜雨宸-Bella:殿下@罗云熙Leo 看在璇玑宫就你自己的份上就把我收了吧#电视剧香蜜沉沉烬如霜#
4269045748471277,08-03,0,22,1172,64,#电视剧香蜜沉沉烬如霜# 求职不容易//@杜雨宸-Bella:殿下@罗云熙Leo 看在璇玑宫就你自己的份上就把我收了吧#电视剧香蜜沉沉烬如霜#
4269037272069697,08-03,0,374,1845,335,#都来品香蜜#为奖励锦觅@杨紫 帮助自己挑选天兵，旭凤@邓伦 透露了天界会举办包灵力棕的端午节活动，小葡萄的灵力有指望啦！邝露@杜雨宸-Bella 追随润玉@罗云熙Leo ，希望任职璇玑宫，却遭到了润玉的怀疑，她究竟有什么目的呢 #电视剧香蜜沉沉烬如霜# 电视剧香蜜沉沉烬如霜的秒拍视频 
4269016383889584,08-03,0,86,1664,178,#都来品香蜜#旭凤@邓伦 重回天界，天后@周海媚 向润玉@罗云熙Leo 发难，怀疑他暗中伤害了旭凤。“护兄宝”旭凤上线为兄长解围，这样的兄弟情，真真让香香很是羡慕呢~#电视剧香蜜沉沉烬如霜# 电视剧香蜜沉沉烬如霜的秒拍视频 
4268855826644915,08-03,0,279,2437,839,#电视剧香蜜沉沉烬如霜#一朝相逢，两相稚趣意；懵懂情动，始知夕缘起。今晚19:30@江苏卫视@江苏卫视幸福剧场 继续相约@杨紫@邓伦@陈钰琪Yukee@罗云熙Leo@王一菲Faye@邹廷威@完美世界影视@完美世界@幸福蓝海官方微博@厦门时代众乐影视@鲲池影业@Andy-LiuNing@完美世界刘宁工作室? ...全文
4268659847266631,08-02,0,423,6185,416,#都来品香蜜#布星台前稳重儒雅、行云流水，对战黑衣人身姿轻盈、玉树临风，夜神润玉@罗云熙Leo 一出场就已经让香香感受到了大大的魅力魇兽也初露身形了哦，有没有发现这只可爱的小灵宠 #电视剧香蜜沉沉烬如霜# 电视剧香蜜沉沉烬如霜的秒拍视频 
4268550997108035,08-02,0,55,697,31,#电视剧香蜜沉沉烬如霜#4个月的辛苦付出是值得的今晚和润玉一起看精品//@罗云熙Leo: 一群为了做精品的人们聚在一起4个月完成了《香蜜》前期的拍摄，一群为了精品质量的人们辛苦工作了一年把控后期，最终向大家呈现出何为精品。眼泛泪光地看完了终极预告片，期待今晚的播出！
4268500987912108,08-02,0,923,2397,814,#电视剧香蜜沉沉烬如霜##香蜜沉沉烬如霜0802开播# #暑假我在追香蜜#红尘纵有千千结，若解相思怎奢痴；回首相望已成川，无妨执念过千年。@杨紫@邓伦@陈钰琪Yukee@罗云熙Leo@王一菲Faye@邹廷威@完美世界影视@完美世界@幸福蓝海官方微博@厦门时代众乐影视@鲲池影业@Andy-LiuNing@完美世界刘宁工作室  ...全文
4268493442358840,08-02,0,194444,50644,14848,#电视剧香蜜沉沉烬如霜##香蜜沉沉烬如霜0802开播# #暑假我在追香蜜#一念疯魔，谁许谁芳心无情？一念成活，谁因谁懵懂难明？累世长情牵，今夕终成卷。今晚19:30@江苏卫视@江苏卫视幸福剧场，花开见尘缘。@杨紫@邓伦@陈钰琪Yukee@罗云熙Leo@王一菲Faye@邹廷威@完美世界影视@完美世界@幸福蓝海官方微 ...全文
4268138612896277,08-01,0,563,1351,921,#电视剧香蜜沉沉烬如霜##香蜜沉沉烬如霜0802开播##暑假我在追香蜜#情丝痴缠，事多变迁，一世一心愿，一生为一人。@杨紫@邓伦@陈钰琪Yukee@罗云熙Leo@王一菲Faye@邹廷威@完美世界影视@完美世界@幸福蓝海官方微博@厦门时代众乐影视@鲲池影业@Andy-LiuNing 
4268131045839138,08-01,0,74179,12914,1825,#电视剧香蜜沉沉烬如霜# #香蜜沉沉烬如霜0802开播# #暑假我在追香蜜#微雨过，香漫天，霜花开欲燃；相思事，风日暖，浮生梦已酣。三界缘至，盛筵将开。@杨紫@邓伦@陈钰琪Yukee@罗云熙Leo@王一菲Faye@邹廷威@周海媚@何中华@王媛可@王仁君国度@彭杨@宁文彤@张琰@廖劲锋Daniel@演员宋允皓@萨顶顶 ...全文
4267505059497232,07-30,0,9,588,23,#电视剧香蜜沉沉烬如霜# #香蜜沉沉烬如霜定档0802# #暑假我在追香蜜# 欢迎常来?   查看图片 //@罗云熙Leo：我又来了
4267413825109843,07-30,0,1177,3168,1410,#电视剧香蜜沉沉烬如霜##香蜜沉沉烬如霜0802开播# #暑假我在追香蜜#一日相思十二时，思恋渐浓；二十四番花有信，花期已至。@杨紫@邓伦@陈钰琪Yukee@罗云熙Leo@王一菲Faye@邹廷威@完美世界影视@完美世界@幸福蓝海官方微博@厦门时代众乐影视@鲲池影业@Andy-LiuNing 
4267406278746992,07-30,0,6816,1970,1600,#电视剧香蜜沉沉烬如霜##香蜜沉沉烬如霜0802开播##暑假我在追香蜜#种花花已开，问花花难语，泠泠七弦上，无处诉离殇。@杨紫@邓伦@陈钰琪Yukee@罗云熙Leo@王一菲Faye@邹廷威@周海媚@何中华@完美世界影视@完美世界@幸福蓝海官方微博@厦门时代众乐影视@鲲池影业@Andy-LiuNing 
4267131031786333,07-29,0,9,845,54,#香蜜沉沉烬如霜0802开播# #电视剧香蜜沉沉烬如霜# #暑假我在追香蜜# 快了快了//@罗云熙Leo:还有4天 迫不及待
4267119383980444,07-29,0,4226,2701,163,#香蜜沉沉烬如霜0802开播# 相见画楼天四垂，横霜润风华，陌上人如玉。润玉@罗云熙Leo 提醒您，距离#电视剧香蜜沉沉烬如霜#开播还有4天啦！ #暑假我在追香蜜# 
4266757743537052,07-28,0,7,721,28,#电视剧香蜜沉沉烬如霜# #香蜜沉沉烬如霜0802开播# #暑假我在追香蜜# 约定你//@罗云熙Leo：8月2号见
4266696598866788,07-28,0,121,1583,161,#电视剧香蜜沉沉烬如霜# 谦谦君子，温润似玉。立如芝兰玉树，笑若朗月入怀。润玉@罗云熙Leo ，生日快乐 
4266366787673836,07-27,0,27,633,45,#电视剧香蜜沉沉烬如霜# #香蜜沉沉烬如霜定档0802# #暑假我在追香蜜# 炒鸡想看白衣小鱼仙倌 查看图片 //@罗云熙Leo：看的真是感慨，已经开始怀念白衣飘飘的日子了
4266326660929669,07-27,0,120,1556,596,#电视剧香蜜沉沉烬如霜# #香蜜沉沉烬如霜0802开播# #暑假我在追香蜜#披罗衣之璀粲，珥瑶碧之华琚；践远游之文履，曳雾绡之轻裾。奇服旷世，媚于语言，东方神韵，仙姿徐展。@杨紫@邓伦@陈钰琪Yukee@罗云熙Leo@王一菲Faye@邹廷威@完美世界影视@完美世界@幸福蓝海官方微博@厦门时代众乐影视@鲲池影业  ...全文
4266319132141260,07-27,0,11448,23038,4095,#电视剧香蜜沉沉烬如霜# #香蜜沉沉烬如霜0802开播# #暑假我在追香蜜##暑期伴饭剧# 琳琅满目，巧夺天工，沥沥心血绘华彩；锦裳千件，匠心独运，缕缕情思织众生。无所不精、无所不美、无所不细的香蜜世界，敬请期待！@杨紫@邓伦@陈钰琪Yukee@罗云熙Leo@王一菲Faye@邹廷威@完美世界影视@完美世界 ...全文
4264920880988411,07-23,0,9,374,22,#电视剧香蜜沉沉烬如霜# #香蜜沉沉烬如霜定档0802# #暑假我在追香蜜# 和小鱼仙倌一起数着日子等待吧 查看图片 //@罗云熙Leo:定档8月2号@江苏卫视 每晚19点30播出 话说这十天会等得很难熬的
4263448890298167,07-19,0,22,335,22,#电视剧香蜜沉沉烬如霜# 第四遍可以开始了 查看图片 //@罗云熙Leo:我可以说我反复看了三遍吗？场景真的美，真的壮观，真的霸气，真的震撼！真是良心制作的完美诠释
4263427583373621,07-19,0,208,1155,382,#电视剧香蜜沉沉烬如霜# 花语胜境，长歌星宿，藤萝蔓草葳蕤；十方世间，轮回六界，共许执手天涯。@杨紫@邓伦@陈钰琪Yukee@罗云熙Leo@王一菲Faye@邹廷威@完美世界影视@完美世界@幸福蓝海官方微博@厦门时代众乐影视 @鲲池影业 
4263420012449139,07-19,0,15472,14424,2848,#电视剧香蜜沉沉烬如霜# 浪漫水镜，巍峨天界，梦幻忘川，繁华人间。镜花水月，浮世万象，情歌悠扬，娓娓唱响。震撼夺目的场景，精益求精的道具，饱含主创团队的精诚与热忱，华章将启，不负热盼！@杨紫@邓伦@陈钰琪Yukee@罗云熙Leo@王一菲Faye@邹廷威@完美世界影视@完美世界@幸福蓝海官方微博 ...全文
4262356466628588,07-16,0,24,455,61,#电视剧香蜜沉沉烬如霜# 求不虐 查看图片 //@罗云熙Leo:让我们牵起彼此的小手，哭着笑，笑着哭！被虐的不要不要的心里却依然期待着就这样被虐下去。。。
4262332844928331,07-16,0,135782,8292,3055,#电视剧香蜜沉沉烬如霜#长相思兮长相忆，短相思兮无穷极。情痴如此，忘川无殇。酿香成蜜，情烬成霜。@杨紫@邓伦@陈钰琪Yukee@罗云熙Leo@王一菲Faye@邹廷威@完美世界影视@完美世界@幸福蓝海官方微博@厦门时代众乐影视@鲲池影业 
4261296318217150,07-13,0,37,481,42,#电视剧香蜜沉沉烬如霜# 小鱼仙倌说好，那必须是大大的好 查看图片 //@罗云熙Leo:历经四个月完美地诠释了一个“精”字！
4261253226089640,07-13,0,995,1980,839,#电视剧香蜜沉沉烬如霜#无限春思无尽思，却问伊君又几依。 有情还须有缘时，冰心一片双怀执。花开终有期，盼与君共赴。@杨紫@邓伦@陈钰琪Yukee@罗云熙Leo@王一菲Faye@邹廷威@完美世界影视@完美世界@幸福蓝海官方微博@厦门时代众乐影视 @鲲池影业 
4261245685755591,07-13,0,90992,31624,7566,#电视剧香蜜沉沉烬如霜# 制作特辑正式曝光追寻自然，回归本真，探寻中式传统文化；匠心匠行，精雕细琢，描绘唯美神话画卷。一花一世界，一叶一菩提。香香正式邀请你，和我们一起走进香蜜世界。@杨紫@邓伦@陈钰琪Yukee@罗云熙Leo@王一菲Faye@邹廷威@完美世界影视@完美世界@幸福蓝海官方微博 ...全文
4260172040045197,07-10,0,26,399,39,#电视剧香蜜沉沉烬如霜# 捉住一只小鱼仙倌 查看图片 //@罗云熙Leo：老板，早上好，一碗香蜜，谢谢
4260158517170162,07-10,0,68494,7005,3121,#电视剧香蜜沉沉烬如霜#  万缕情丝寄，相思胜海深；飞花似幻梦，花语寄深情。@杨紫@邓伦@陈钰琪Yukee@罗云熙Leo@王一菲Faye@邹廷威@完美世界影视@完美世界@幸福蓝海官方微博@时代众乐影业@鲲池影业 
4206606420022721,02-12,0,35,440,27,#电视剧香蜜沉沉烬如霜# //@罗云熙Leo:但愿洗去浮华，掸去一身尘灰。 再与你一壶清酒，话一世沉醉。
4206541089651288,02-12,0,144308,15664,4061,由@萨顶顶 制作@毛不易 献唱的#电视剧香蜜沉沉烬如霜#主题曲之一《不染》MV火热出炉噜！倾诉衷肠，字字戳心愿只愿余生无悔，随花香远飞@杨紫@邓伦@陈钰琪Yukee@罗云熙Leo@王一菲Faye@邹廷威@完美世界影视@完美世界@幸福蓝海官方微博@时代众乐影业@鲲池影业 ...全文
4204365882039051,02-06,0,60719,4356,2152,#电视剧香蜜沉沉烬如霜#快过年了，香香给大家置办了点儿年货看小葡萄和凤凰开启花式甜虐日常你是我的夏日炽阳，你是我的冬日雪霜@杨紫@邓伦@陈钰琪Yukee@罗云熙Leo@王一菲Faye@邹廷威@完美世界影视?@完美世界@幸福蓝海官方微博?@时代众乐影业?@鲲池影业电视剧香蜜沉沉烬如霜的秒拍视频 
4192773479079095,01-05,0,5459,2510,784,#电视剧香蜜沉沉烬如霜#duang～有一发热乎的新年福利等你签收哟！ 小哥哥小姐姐们现身录音棚，原声配音～快给懂你们的香香点赞@杨紫 @邓伦 @罗云熙Leo 
4167407943147961,2017-10-27,0,103333,8392,6615,#电视剧香蜜沉沉烬如霜#花落花开又一季，香香带预告片来到人间和你们见面啦！花语幻境，为你而现@杨紫?@邓伦?@陈钰琪Yukee?@罗云熙Leo?@王一菲Faye?@邹廷威@完美世界影视?@完美世界官方?@幸福蓝海官方微博?@时代众乐影业?@鲲池影业?@我是电线 @Andy-LiuNing?@朱J斌?@制片人李东豫?@李东霖? ...全文
4163484730217351,2017-10-16,0,597,1867,862,#电视剧香蜜沉沉烬如霜#123个昼夜的陪伴，杀青日如期而至。我们江湖再见@杨紫 @邓伦 @陈钰琪Yukee @罗云熙Leo @王一菲Faye @邹廷威 @完美世界影视 @完美世界官方微博 @幸福蓝海官方微博 @时代众乐影业?@鲲池影业?@Andy-LiuNing @朱J斌?@制片人李东豫 @李东霖 @刘超-Steven @幸福蓝海彭虹  ...全文
4163425460503672,2017-10-16,0,514,1027,706,历时123天，#电视剧香蜜沉沉烬如霜#圆满杀青！感谢每一位在这段韶华里的付出期待与你们再次相见的日子@杨紫?@邓伦?@陈钰琪Yukee?@罗云熙Leo?@王一菲Faye??@邹廷威?@完美世界影视?@完美世界官方微博?@幸福蓝海官方微博?@Andy-LiuNing?@朱J斌?@制片人李东豫 @李东霖? 
4149282925603318,2017-09-07,0,477,653,226,#电视剧香蜜沉沉烬如霜#Q萌的润玉小哥哥 @罗云熙Leo 已上线抱走抱走！ 
4145662000419937,2017-08-28,0,2349,3660,738,#电视剧香蜜沉沉烬如霜#今儿个月下仙人可真是忙，这不，一边儿忙活着凡间痴情儿女的好姻缘，一边儿还得操心着各路上仙。可是，这仙家的姻缘该如何安排才好呢？  嘘，天机不可泄露@杨紫 @邓伦 @陈钰琪Yukee @罗云熙Leo @王一菲Faye @邹廷威 @杜雨宸-Bella @轰叔_廖劲锋 @夏志远远 
4143841831172602,2017-08-23,0,103,820,442,#电视剧香蜜沉沉烬如霜# 众仙家与各路媒体齐聚九霄云殿，快来围观天界的探班仪式吧@杨紫 @邓伦 @陈钰琪Yukee @罗云熙Leo @王一菲Faye?@邹廷威 @周海媚 @萨顶顶 
4139491012899764,2017-08-11,0,346,626,172,#电视剧香蜜沉沉烬如霜#当当当！周五香香又来送剧照咯~ 快把鎏英小公举@陈钰琪Yukee?和润玉小哥哥@罗云熙Leo?的这波美照抱走咯！ 
4138583163737207,2017-08-08,0,56086,730,188,#完美香蜜网络文学大会#  #电视剧香蜜沉沉烬如霜# 电视剧香蜜沉沉烬如霜剧组携 @杨紫 @邓伦 @陈钰琪Yukee @罗云熙Leo @王一菲Faye @邹廷威 助阵“中国网络文学+大会”，预祝大会圆满成功。
4135678239596211,2017-07-31,0,625,4736,1107,高温下的小哥哥小姐姐们都是怎么拍戏的？心疼他们@杨紫 @邓伦 @陈钰琪Yukee @罗云熙Leo @王一菲Faye @邹廷威  雨神快下场雨降降温吧#电视剧香蜜沉沉烬如霜#
4134562575549425,2017-07-28,0,129,760,176,#电视剧香蜜沉沉烬如霜##罗云熙0728生日快乐#今儿润玉@罗云熙Leo?的生日趴，小哥哥亲自给大家分彩虹蛋糕啦！在我们心里你永远都是温润如玉的小鱼仙倌。斯人若彩虹，遇上方知有。[彩虹] 
4134412150771155,2017-07-28,0,640,736,131,#电视剧香蜜沉沉烬如霜##罗云熙0728生日快乐#?清风明月，面如冠玉。他静立尘世，不沾染一丝浮华。祝润玉小哥哥@罗云熙Leo 生日快乐！请问你的手势是要对香香发射爱的光波吗~ 
4130852079828146,2017-07-18,0,7,155,16,表白润玉小哥哥～ 有你们大家《香蜜》才完整！比心～//@罗云熙Leo:#电视剧香蜜沉沉烬如霜# 匠心，精心，用心， 置身其中感触更是深刻，有幸能够参与这样的诚意之作[加油]@电视剧香蜜沉沉烬如霜
4125764112815067,2017-07-04,0,463,1088,474,#电视剧香蜜沉沉烬如霜#不管你是在花界还是在人间，都得好好学习哟小哥哥们和小姐姐们也都太认真了吧 @杨紫 @邓伦 @陈钰琪Yukee @罗云熙Leo @王一菲Faye @邹廷威 
4120654296408261,2017-06-20,0,12761,3566,2531,#电视剧香蜜沉沉烬如霜#莫问红尘多纷扰，惟愿深情各自知 @杨紫 @邓伦 @陈钰琪Yukee @罗云熙Leo @王一菲Faye?@邹廷威 #香蜜沉沉烬如霜开机# 
4119006539687190,2017-06-15,0,571,1962,876,花界启，众仙临。#电视剧香蜜沉沉烬如霜#今早在横店正式开机！主演@杨紫 @邓伦 @陈钰琪Yukee @罗云熙Leo @王一菲Faye @轰叔_廖劲锋 @邹廷威 及音乐总监@萨顶顶  纷纷亮相终于等到你，开机大吉！一起踏上香蜜世界的花语幻景吧！@完美世界影视 
4118903255165687,2017-06-15,0,12,420,144,已经被萨顶顶老师的歌迷倒啦 //@萨顶顶: 完美之夜[愉快]完美世界[爱心]中英音乐接棒完美世界重磅IP《香蜜沉沉烬如霜》全剧的音乐制作祝贺所有的参与者[玫瑰]#电视剧香蜜沉沉烬如霜#  《香蜜沉沉烬如霜》主演开机祝福视频  @杨紫 @邓伦 @陈钰琪Yukee @罗云熙Leo @王一菲Faye @轰叔_廖劲锋 
4118667836539136,2017-06-14,0,148,536,314,#电视剧香蜜沉沉烬如霜# 《香蜜沉沉烬如霜》主演开机祝福视频 高清版本来啦！@杨紫 @邓伦 @陈钰琪Yukee @罗云熙Leo @王一菲Faye @轰叔_廖劲锋 的表现你们期待吗？@萨顶顶 老师演唱的《自由行走的花》是不是仙气十足呀！
